use HotelReservation;

insert into Guest (GuestId, FirstName, LastName, Address, City, StateAbbr, Zip, Phone) values
('1','Cas', 'Jackson' , '15 5th Street South' ,	'Minneapolis', 'MN' , '55402',	'(651)528-2115'),
('2','Mack', 'Simmer',	'379 Old Shore Street',	'Council Bluffs',	'IA','51501',	'(291)553-0508'),
('3','Bettyann', 'Seery',	'750 Wintergreen Dr.',	'Wasilla',	'AK',	'99654',	'(478)277-9632'),
('4','Duane', 'Cullison',	'9662 Foxrun Lane',	'Harlingen',	'TX',	'78552',	'(308)494-0198'),
('5','Karie' ,'Yang',	'9378 W. Augusta Ave.',	'West Deptford',	'NJ',	'08096',	'(214)730-0298'),
('6','Aurore' ,'Lipton',	'762 Wild Rose Street',	'Saginaw',	'MI',	'48601',	'(377)507-0974'),
('7','Zachery' ,'Luechtefeld',	'7 Poplar Dr.',	'Arvada',	'CO',	'80003',	'(814)485-2615'),
('8','Jeremiah' ,'Pendergrass',	'70 Oakwood St.',	'Zion',	'IL',	'60099',	'(279)491-0960'),
('9','Walter', 'Holaway',	'7556 Arrowhead St.',	'Cumberland',	'RI',	'02864',	'(446)396-6785'),
('10','Wilfred', 'Vise',	'77 West Surrey Street',	'Oswego',	'NY',	'13126',	'(834)727-1001'),
('11','Maritza', 'Tilton',	'939 Linda Rd.',	'Burke',	'VA',	'22015',	'(446)351-6860'),
('12','Joleen', 'Tison',	'87 Queen St.', 'Drexel Hill',	'PA',	'19026',	'(231)893-2755');

insert into Reservation (ReservationNumber,GuestId, StartDate, EndDate  ) values
('300',	'2',  '2023-02-02', '2023-04-02'),
('301', '3',  '2023-02-05',	'2023-02-10'),
('302', '4',  '2023-02-22',	'2023-02-24'),
('303', '5',  '2023-03-06',	  '2023-03-07'),
('304',	'1',  '2023-03-17', '2023-03-20'),
('305',	'6',  '2023-03-18',  '2023-03-23'),
('306', '7',  '2023-03-29', '2023-03-31'),
('307', '8',  '2023-03-31',	'2023-04-05'),
('308', '9',  '2023-04-09',	   '2023-04-13'),
('309', '10', '2023-04-23',	'2023-04-24'),
('310', '11', '2023-05-30',	'2023-06-02'),
('311', '12', '2023-06-10',    '2023-06-14'),
('312', '6',  '2023-06-17',	'2023-06-18'),
('313',	'1',  '2023-06-28',	'2023-07-02'),
('314', '9',  '2023-07-13',	'2023-07-14'),
('315', '10', '2023-07-18',	'2023-07-21'),
('316',	'3',  '2023-07-28',	'2023-07-29'),
('317',	'3',  '2023-08-30',	'2023-09-01'),
('318', '2',  '2023-09-16',	'2023-09-17'),
('319',	'5',  '2023-09-13',	'2023-09-15'),
('320', '4',  '2023-11-22',	'2023-11-25'),
('321', '2',  '2023-11-22',	'2023-11-25'),
('322',	'11', '2023-12-24',	'2023-12-28');

insert into RoomType (RoomTypeId, RoomSize, Occupancy, MaxOccupancy, BasePrice) values
('500', 'Single', '2',	'2', '149.99'), 
('501',	'Double', '2',	'4', '174.99'),	
('502',	'Suite',  '3',	'8', '399.99');

insert into Rooms (RoomNumber, RoomTypeId, ExtraPerson, ADAAccessible ) values


('201','501','10', 0),
('202','501','10',1),
('203','501','10',0),
('204','501','10',1),
('205','500', '0',0),
('206','500', '0',1),
('207','500', '0',0),
('208','500', '0',1),
('301','501','10',0),
('302','501','10',1),
('303','501', '10',0),
('304','501', '10',1),
('305','500', '0',0),
('306','500', '0',1),
('307','500', '0',0),
('308','500', '0',1),
('401','502','20',1),
('402','502', '20',1);

 insert into Amenities ( AmenityId, AmenityType, ExtraCharge ) values
 ('1001','Microwave', '0'),
('1002','Refrigerator', '0'),
('1003','Jacuzzi', '25.00'),
('1004', 'Oven',      '0');
 
insert into RoomReservation (RoomNumber, ReservationNumber, Adults, Children, TotalRoomCost) values
(308, 300,  '1', '0', 	'299.98'),	
(203, 301,	'2', '1',	'999.95'),
(305, 302,  '2', '0',   '349.98'),	
(201, 303,	'2', '2',   '199.99'),		
(307, 304,  '1', '1',	'524.97'),		
(302, 305,  '3', '0',   '924.95'),		
(202, 306,  '2', '2',   '349.98'),		
(304, 307,  '2', '0',   '874.95'),		
(301, 308,  '1', '0',   '799.96'),		
(207, 309,  '1', '1',	'174.99'),		
(401, 310,  '2', '4', 	'1199.97'),		
(206, 311,  '2', '0',   '599.96'),		
(208, 311,  '1', '0',   '599.96'),		
(304, 312,  '3', '0',   '184.99'),		
(205, 313,  '2', '0',   '699.96'),		
(204, 314,  '3', '1',   '184.99'),		
(401, 315,  '4', '2',   '1259.97'),		
(303, 316,  '2', '1',   '199.99'),		
(305, 317,  '1', '0',   '349.98' ),		
(208, 318,  '2', '0',   '149.99'),		
(203, 319,  '2', '2',	'399.99'),
(401, 320,  '2', '2',   '1199.97'),		
(206, 321,  '2', '0',   '449.97'),		
(301, 321,  '2', '2',   '599.97'),		
(302, 322,  '2', '0',   '699.96');	

insert into  RoomAmenites ( RoomNumber, AmenityId) values
('201', '1001'),
('201', '1003'),
('202', '1002'),
('203', '1001'),
('203', '1003'),
('204', '1002'),
('205', '1001'),
('205', '1002'),
('205', '1003'),
('206', '1001'),
('206', '1002'),
('207', '1001'),
('207', '1002'),
('207', '1003'),
('208', '1001'),
('208', '1002'),
('301', '1001'),
('301', '1003'),
('302', '1002'),
('303', '1001'),
('303', '1003'),
('304', '1002'),
('305', '1001'),
('305', '1002'),
('305', '1003'),
('306', '1001'),
('306', '1002'),
('307', '1001'),
('307', '1002'),
('307', '1003'),
('308', '1001'),
('308', '1002'),
('401', '1001'),
('401', '1002'),
('401', '1004'),
('402', '1001'),
('402', '1002'),
('402', '1004');

SET SQL_SAFE_UPDATES = 0;

Delete
from RoomReservation
where ReservationNumber = 307;

Delete
from Reservation
where ReservationNumber = 307 and GuestId = 8;

Delete
from Guest
where GuestId =8;

SET SQL_SAFE_UPDATES = 1;


